,n_total,n_fd,n_nofd,n_train_full,n_train_quantum,n_test,n_qubits,reps,C,min_magn,auc_rbf_full,acc_rbf_full,auc_rbf_sub,acc_rbf_sub,auc_qsvm,acc_qsvm,delta_auc_fair,delta_auc_full,File
0,5942,2971,2971,4456,100,1486,4,1,1.0,0.0,0.8613266213687553,0.8223418573351279,0.8535564777764293,0.8156123822341858,0.7984128220502165,0.7288021534320323,-0.0551436557262128,-0.0629137993185388,Results/exp_0.0_4_1_100.csv
0,5942,2971,2971,4456,150,1486,4,1,1.0,0.0,0.8613266213687553,0.8223418573351279,0.8552211850759625,0.8156123822341858,0.7865651418624072,0.7267833109017496,-0.0686560432135552,-0.074761479506348,Results/exp_0.0_4_1_150.csv
0,5942,2971,2971,4456,200,1486,4,1,1.0,0.0,0.8613266213687553,0.8223418573351279,0.8533409172011904,0.8156123822341858,0.8086918009089772,0.7362045760430687,-0.0446491162922132,-0.052634820459778,Results/exp_0.0_4_1_200.csv
0,5942,2971,2971,4456,250,1486,4,1,1.0,0.0,0.8613266213687553,0.8223418573351279,0.8535582892098347,0.8142664872139973,0.8170896061762634,0.7456258411843876,-0.0364686830335713,-0.0442370151924919,Results/exp_0.0_4_1_250.csv
0,5942,2971,2971,4456,50,1486,4,1,1.0,0.0,0.8613266213687553,0.8223418573351279,0.8523799517796428,0.8088829071332436,0.7384072790639962,0.6608344549125168,-0.1139726727156466,-0.1229193423047591,Results/exp_0.0_4_1_50.csv
0,5942,2971,2971,4456,100,1486,4,2,1.0,0.0,0.8613266213687553,0.8223418573351279,0.8535564777764293,0.8156123822341858,0.7409396629647005,0.6628532974427994,-0.1126168148117288,-0.1203869584040547,Results/exp_0.0_4_2_100.csv
0,5942,2971,2971,4456,150,1486,4,2,1.0,0.0,0.8613266213687553,0.8223418573351279,0.8552211850759625,0.8156123822341858,0.727484335629627,0.6675639300134589,-0.1277368494463354,-0.1338422857391282,Results/exp_0.0_4_2_150.csv
0,5942,2971,2971,4456,200,1486,4,2,1.0,0.0,0.8613266213687553,0.8223418573351279,0.8533409172011904,0.8156123822341858,0.7739186195428305,0.6971736204576043,-0.0794222976583599,-0.0874080018259247,Results/exp_0.0_4_2_200.csv
0,5942,2971,2971,4456,250,1486,4,2,1.0,0.0,0.8613266213687553,0.8223418573351279,0.8535582892098347,0.8142664872139973,0.7714858644794211,0.7065948855989233,-0.0820724247304135,-0.0898407568893341,Results/exp_0.0_4_2_250.csv
0,5942,2971,2971,4456,50,1486,4,2,1.0,0.0,0.8613266213687553,0.8223418573351279,0.8523799517796428,0.8088829071332436,0.6748975181550914,0.6029609690444145,-0.1774824336245514,-0.1864291032136639,Results/exp_0.0_4_2_50.csv
0,5942,2971,2971,4456,100,1486,4,3,1.0,0.0,0.8613266213687553,0.8223418573351279,0.8535564777764293,0.8156123822341858,0.755108695061489,0.6830417227456258,-0.0984477827149402,-0.1062179263072662,Results/exp_0.0_4_3_100.csv
0,5942,2971,2971,4456,150,1486,4,3,1.0,0.0,0.8613266213687553,0.8223418573351279,0.8552211850759625,0.8156123822341858,0.7330182646830264,0.6635262449528937,-0.122202920392936,-0.1283083566857288,Results/exp_0.0_4_3_150.csv
0,5942,2971,2971,4456,200,1486,4,3,1.0,0.0,0.8613266213687553,0.8223418573351279,0.8533409172011904,0.8156123822341858,0.7702631469307979,0.6965006729475101,-0.0830777702703925,-0.0910634744379573,Results/exp_0.0_4_3_200.csv
0,5942,2971,2971,4456,250,1486,4,3,1.0,0.0,0.8613266213687553,0.8223418573351279,0.8535582892098347,0.8142664872139973,0.7483900885609791,0.6783310901749664,-0.1051682006488555,-0.1129365328077761,Results/exp_0.0_4_3_250.csv
0,5942,2971,2971,4456,50,1486,4,3,1.0,0.0,0.8613266213687553,0.8223418573351279,0.8523799517796428,0.8088829071332436,0.6546773927676709,0.6029609690444145,-0.1977025590119718,-0.2066492286010843,Results/exp_0.0_4_3_50.csv
0,5942,2971,2971,4456,100,1486,6,1,1.0,0.0,0.8627259536744021,0.823014804845222,0.8505984070254633,0.8129205921938089,0.7959148553842141,0.7227456258411844,-0.0546835516412491,-0.0668110982901879,Results/exp_0.0_6_1_100.csv
0,5942,2971,2971,4456,150,1486,6,1,1.0,0.0,0.8627259536744021,0.823014804845222,0.8532485340975167,0.8176312247644684,0.7966702231142526,0.7335127860026918,-0.056578310983264,-0.0660557305601494,Results/exp_0.0_6_1_150.csv
0,5942,2971,2971,4456,200,1486,6,1,1.0,0.0,0.8627259536744021,0.823014804845222,0.8500567884372583,0.8156123822341858,0.8190332742202232,0.7476446837146703,-0.031023514217035,-0.0436926794541788,Results/exp_0.0_6_1_200.csv
0,5942,2971,2971,4456,250,1486,6,1,1.0,0.0,0.8627259536744021,0.823014804845222,0.8514986894279312,0.8142664872139973,0.8365742896011042,0.7759084791386271,-0.0149243998268269,-0.0261516640732978,Results/exp_0.0_6_1_250.csv
0,5942,2971,2971,4456,50,1486,6,1,1.0,0.0,0.8627259536744021,0.823014804845222,0.8499227423652611,0.8034993270524899,0.7473521372197033,0.6480484522207268,-0.1025706051455578,-0.1153738164546988,Results/exp_0.0_6_1_50.csv
0,5942,2971,2971,4456,100,1486,6,2,1.0,0.0,0.8627259536744021,0.823014804845222,0.8505984070254633,0.8129205921938089,0.73111625960739,0.6386271870794078,-0.1194821474180732,-0.131609694067012,Results/exp_0.0_6_2_100.csv
0,5942,2971,2971,4456,150,1486,6,2,1.0,0.0,0.8627259536744021,0.823014804845222,0.8532485340975167,0.8176312247644684,0.7448849649215922,0.6776581426648721,-0.1083635691759244,-0.1178409887528099,Results/exp_0.0_6_2_150.csv
0,5942,2971,2971,4456,200,1486,6,2,1.0,0.0,0.8627259536744021,0.823014804845222,0.8500567884372583,0.8156123822341858,0.780337433814752,0.7092866756393001,-0.0697193546225063,-0.0823885198596501,Results/exp_0.0_6_2_200.csv
0,5942,2971,2971,4456,250,1486,6,2,1.0,0.0,0.8627259536744021,0.823014804845222,0.8514986894279312,0.8142664872139973,0.8246623035274042,0.7422611036339165,-0.0268363859005269,-0.0380636501469978,Results/exp_0.0_6_2_250.csv
0,5942,2971,2971,4456,50,1486,6,2,1.0,0.0,0.8627259536744021,0.823014804845222,0.8499227423652611,0.8034993270524899,0.7041249961507041,0.6325706594885598,-0.145797746214557,-0.1586009575236979,Results/exp_0.0_6_2_50.csv
0,5942,2971,2971,4456,100,1486,6,3,1.0,0.0,0.8627259536744021,0.823014804845222,0.8505984070254633,0.8129205921938089,0.7371102927457527,0.6433378196500673,-0.1134881142797106,-0.1256156609286494,Results/exp_0.0_6_3_100.csv
0,5942,2971,2971,4456,150,1486,6,3,1.0,0.0,0.8627259536744021,0.823014804845222,0.8532485340975167,0.8176312247644684,0.7421940805979179,0.6615074024226111,-0.1110544534995987,-0.1205318730764841,Results/exp_0.0_6_3_150.csv
0,5942,2971,2971,4456,200,1486,6,3,1.0,0.0,0.8627259536744021,0.823014804845222,0.8500567884372583,0.8156123822341858,0.7363005820135532,0.6594885598923284,-0.1137562064237051,-0.1264253716608488,Results/exp_0.0_6_3_200.csv
0,5942,2971,2971,4456,250,1486,6,3,1.0,0.0,0.8627259536744021,0.823014804845222,0.8514986894279312,0.8142664872139973,0.7723752782814569,0.6796769851951547,-0.0791234111464742,-0.0903506753929451,Results/exp_0.0_6_3_250.csv
0,5942,2971,2971,4456,50,1486,6,3,1.0,0.0,0.8627259536744021,0.823014804845222,0.8499227423652611,0.8034993270524899,0.6949057058340835,0.6184387617765814,-0.1550170365311776,-0.1678202478403185,Results/exp_0.0_6_3_50.csv
0,5942,2971,2971,4456,100,1486,8,1,1.0,0.0,0.90487619758391,0.8344549125168237,0.8657211588101781,0.8176312247644684,0.7650480301567433,0.6386271870794078,-0.1006731286534348,-0.1398281674271666,Results/exp_0.0_8_1_100.csv
0,5942,2971,2971,4456,150,1486,8,1,1.0,0.0,0.90487619758391,0.8344549125168237,0.8734759052185586,0.8250336473755047,0.7706824937641404,0.6870794078061911,-0.1027934114544181,-0.1341937038197694,Results/exp_0.0_8_1_150.csv
0,5942,2971,2971,4456,200,1486,8,1,1.0,0.0,0.90487619758391,0.8344549125168237,0.8648888051604113,0.8169582772543742,0.8202360660013875,0.7388963660834454,-0.0446527391590237,-0.0846401315825223,Results/exp_0.0_8_1_200.csv
0,5942,2971,2971,4456,250,1486,8,1,1.0,0.0,0.90487619758391,0.8344549125168237,0.8723138706890149,0.8216689098250336,0.823006653394898,0.7489905787348586,-0.0493072172941169,-0.0818695441890119,Results/exp_0.0_8_1_250.csv
0,5942,2971,2971,4456,50,1486,8,1,1.0,0.0,0.90487619758391,0.8344549125168237,0.8587697831170784,0.8162853297442799,0.750242279217968,0.6554508748317631,-0.1085275038991103,-0.1546339183659418,Results/exp_0.0_8_1_50.csv
0,5942,2971,2971,4456,100,1486,8,2,1.0,0.0,0.90487619758391,0.8344549125168237,0.8657211588101781,0.8176312247644684,0.7405610733829786,0.6036339165545087,-0.1251600854271994,-0.1643151242009313,Results/exp_0.0_8_2_100.csv
0,5942,2971,2971,4456,150,1486,8,2,1.0,0.0,0.90487619758391,0.8344549125168237,0.8734759052185586,0.8250336473755047,0.7320862821959645,0.6493943472409152,-0.141389623022594,-0.1727899153879454,Results/exp_0.0_8_2_150.csv
0,5942,2971,2971,4456,200,1486,8,2,1.0,0.0,0.90487619758391,0.8344549125168237,0.8648888051604113,0.8169582772543742,0.7734132296227326,0.6689098250336474,-0.0914755755376787,-0.1314629679611773,Results/exp_0.0_8_2_200.csv
0,5942,2971,2971,4456,250,1486,8,2,1.0,0.0,0.90487619758391,0.8344549125168237,0.8723138706890149,0.8216689098250336,0.8052446431385619,0.6911170928667564,-0.0670692275504529,-0.0996315544453479,Results/exp_0.0_8_2_250.csv
0,5942,2971,2971,4456,50,1486,8,2,1.0,0.0,0.90487619758391,0.8344549125168237,0.8587697831170784,0.8162853297442799,0.6977179561959174,0.6123822341857336,-0.161051826921161,-0.2071582413879925,Results/exp_0.0_8_2_50.csv
0,5942,2971,2971,4456,100,1486,8,3,1.0,0.0,0.90487619758391,0.8344549125168237,0.8657211588101781,0.8176312247644684,0.7319785019083451,0.6211305518169583,-0.1337426569018329,-0.1728976956755648,Results/exp_0.0_8_3_100.csv
0,5942,2971,2971,4456,150,1486,8,3,1.0,0.0,0.90487619758391,0.8344549125168237,0.8734759052185586,0.8250336473755047,0.7196698119188695,0.6318977119784657,-0.153806093299689,-0.1852063856650404,Results/exp_0.0_8_3_150.csv
0,5942,2971,2971,4456,200,1486,8,3,1.0,0.0,0.90487619758391,0.8344549125168237,0.8648888051604113,0.8169582772543742,0.7441295971915536,0.654777927321669,-0.1207592079688577,-0.1607466003923563,Results/exp_0.0_8_3_200.csv
0,5942,2971,2971,4456,250,1486,8,3,1.0,0.0,0.90487619758391,0.8344549125168237,0.8723138706890149,0.8216689098250336,0.7614224461958992,0.6641991924629879,-0.1108914244931157,-0.1434537513880107,Results/exp_0.0_8_3_250.csv
0,5942,2971,2971,4456,50,1486,8,3,1.0,0.0,0.90487619758391,0.8344549125168237,0.8587697831170784,0.8162853297442799,0.6853721318216318,0.6083445491251682,-0.1733976512954466,-0.2195040657622781,Results/exp_0.0_8_3_50.csv
0,380,190,190,285,100,95,4,1,1.0,3.0,0.9242021276595744,0.9052631578947368,0.9179964539007092,0.8736842105263158,0.8816489361702128,0.8736842105263158,-0.0363475177304963,-0.0425531914893617,Results/exp_3.0_4_1_100.csv
0,380,190,190,285,150,95,4,1,1.0,3.0,0.9242021276595744,0.9052631578947368,0.9206560283687945,0.8947368421052632,0.9042553191489362,0.8736842105263158,-0.0164007092198581,-0.0199468085106383,Results/exp_3.0_4_1_150.csv
0,380,190,190,285,200,95,4,1,1.0,3.0,0.9242021276595744,0.9052631578947368,0.9250886524822696,0.9052631578947368,0.9029255319148936,0.8736842105263158,-0.0221631205673757,-0.0212765957446808,Results/exp_3.0_4_1_200.csv
0,380,190,190,285,250,95,4,1,1.0,3.0,0.9242021276595744,0.9052631578947368,0.922872340425532,0.8947368421052632,0.8940602836879433,0.8736842105263158,-0.0288120567375885,-0.0301418439716312,Results/exp_3.0_4_1_250.csv
0,380,190,190,285,50,95,4,1,1.0,3.0,0.9242021276595744,0.9052631578947368,0.9073581560283688,0.8631578947368421,0.8643617021276596,0.8736842105263158,-0.0429964539007091,-0.0598404255319149,Results/exp_3.0_4_1_50.csv
0,380,190,190,285,100,95,4,2,1.0,3.0,0.9242021276595744,0.9052631578947368,0.9179964539007092,0.8736842105263158,0.9033687943262412,0.8736842105263158,-0.0146276595744679,-0.0208333333333333,Results/exp_3.0_4_2_100.csv
0,380,190,190,285,150,95,4,2,1.0,3.0,0.9242021276595744,0.9052631578947368,0.9206560283687945,0.8947368421052632,0.9277482269503546,0.8736842105263158,0.0070921985815602,0.00354609929078,Results/exp_3.0_4_2_150.csv
0,380,190,190,285,200,95,4,2,1.0,3.0,0.9242021276595744,0.9052631578947368,0.9250886524822696,0.9052631578947368,0.8945035460992907,0.8736842105263158,-0.0305851063829787,-0.0296985815602838,Results/exp_3.0_4_2_200.csv
0,380,190,190,285,250,95,4,2,1.0,3.0,0.9242021276595744,0.9052631578947368,0.922872340425532,0.8947368421052632,0.9140070921985816,0.8736842105263158,-0.0088652482269503,-0.0101950354609929,Results/exp_3.0_4_2_250.csv
0,380,190,190,285,50,95,4,2,1.0,3.0,0.9242021276595744,0.9052631578947368,0.9073581560283688,0.8631578947368421,0.8687943262411346,0.8631578947368421,-0.0385638297872341,-0.0554078014184399,Results/exp_3.0_4_2_50.csv
0,380,190,190,285,100,95,4,3,1.0,3.0,0.9242021276595744,0.9052631578947368,0.9179964539007092,0.8736842105263158,0.8896276595744681,0.8736842105263158,-0.028368794326241,-0.0345744680851064,Results/exp_3.0_4_3_100.csv
0,380,190,190,285,150,95,4,3,1.0,3.0,0.9242021276595744,0.9052631578947368,0.9206560283687945,0.8947368421052632,0.93572695035461,0.8842105263157894,0.0150709219858156,0.0115248226950354,Results/exp_3.0_4_3_150.csv
0,380,190,190,285,200,95,4,3,1.0,3.0,0.9242021276595744,0.9052631578947368,0.9250886524822696,0.9052631578947368,0.9188829787234042,0.8736842105263158,-0.0062056737588652,-0.0053191489361703,Results/exp_3.0_4_3_200.csv
0,380,190,190,285,250,95,4,3,1.0,3.0,0.9242021276595744,0.9052631578947368,0.922872340425532,0.8947368421052632,0.9060283687943262,0.8842105263157894,-0.0168439716312056,-0.0181737588652483,Results/exp_3.0_4_3_250.csv
0,380,190,190,285,50,95,4,3,1.0,3.0,0.9242021276595744,0.9052631578947368,0.9073581560283688,0.8631578947368421,0.8772163120567376,0.8736842105263158,-0.0301418439716312,-0.0469858156028369,Results/exp_3.0_4_3_50.csv
0,380,190,190,285,100,95,6,1,1.0,3.0,0.9179964539007092,0.8842105263157894,0.912677304964539,0.8631578947368421,0.8727836879432626,0.8736842105263158,-0.0398936170212764,-0.0452127659574467,Results/exp_3.0_6_1_100.csv
0,380,190,190,285,150,95,6,1,1.0,3.0,0.9179964539007092,0.8842105263157894,0.917109929078014,0.9052631578947368,0.8958333333333334,0.8736842105263158,-0.0212765957446807,-0.0221631205673759,Results/exp_3.0_6_1_150.csv
0,380,190,190,285,200,95,6,1,1.0,3.0,0.9179964539007092,0.8842105263157894,0.9215425531914894,0.8842105263157894,0.8754432624113475,0.8736842105263158,-0.0460992907801418,-0.0425531914893617,Results/exp_3.0_6_1_200.csv
0,380,190,190,285,250,95,6,1,1.0,3.0,0.9179964539007092,0.8842105263157894,0.9215425531914894,0.8842105263157894,0.8976063829787234,0.8736842105263158,-0.0239361702127659,-0.0203900709219858,Results/exp_3.0_6_1_250.csv
0,380,190,190,285,50,95,6,1,1.0,3.0,0.9179964539007092,0.8842105263157894,0.9162234042553192,0.8421052631578947,0.8816489361702128,0.8736842105263158,-0.0345744680851063,-0.0363475177304964,Results/exp_3.0_6_1_50.csv
0,380,190,190,285,100,95,6,2,1.0,3.0,0.9179964539007092,0.8842105263157894,0.912677304964539,0.8631578947368421,0.9091312056737588,0.8736842105263158,-0.0035460992907802,-0.0088652482269504,Results/exp_3.0_6_2_100.csv
0,380,190,190,285,150,95,6,2,1.0,3.0,0.9179964539007092,0.8842105263157894,0.917109929078014,0.9052631578947368,0.8882978723404255,0.8736842105263158,-0.0288120567375886,-0.0296985815602838,Results/exp_3.0_6_2_150.csv
0,380,190,190,285,200,95,6,2,1.0,3.0,0.9179964539007092,0.8842105263157894,0.9215425531914894,0.8842105263157894,0.8874113475177305,0.8736842105263158,-0.0341312056737588,-0.0305851063829787,Results/exp_3.0_6_2_200.csv
0,380,190,190,285,250,95,6,2,1.0,3.0,0.9179964539007092,0.8842105263157894,0.9215425531914894,0.8842105263157894,0.8865248226950355,0.8736842105263158,-0.0350177304964538,-0.0314716312056737,Results/exp_3.0_6_2_250.csv
0,380,190,190,285,50,95,6,2,1.0,3.0,0.9179964539007092,0.8842105263157894,0.9162234042553192,0.8421052631578947,0.8594858156028369,0.8736842105263158,-0.0567375886524822,-0.0585106382978724,Results/exp_3.0_6_2_50.csv
0,380,190,190,285,100,95,6,3,1.0,3.0,0.9179964539007092,0.8842105263157894,0.912677304964539,0.8631578947368421,0.8918439716312058,0.8736842105263158,-0.0208333333333332,-0.0261524822695035,Results/exp_3.0_6_3_100.csv
0,380,190,190,285,150,95,6,3,1.0,3.0,0.9179964539007092,0.8842105263157894,0.917109929078014,0.9052631578947368,0.87677304964539,0.8736842105263158,-0.040336879432624,-0.0412234042553192,Results/exp_3.0_6_3_150.csv
0,380,190,190,285,200,95,6,3,1.0,3.0,0.9179964539007092,0.8842105263157894,0.9215425531914894,0.8842105263157894,0.8998226950354611,0.8842105263157894,-0.0217198581560282,-0.0181737588652481,Results/exp_3.0_6_3_200.csv
0,380,190,190,285,250,95,6,3,1.0,3.0,0.9179964539007092,0.8842105263157894,0.9215425531914894,0.8842105263157894,0.9069148936170212,0.8842105263157894,-0.0146276595744681,-0.011081560283688,Results/exp_3.0_6_3_250.csv
0,380,190,190,285,50,95,6,3,1.0,3.0,0.9179964539007092,0.8842105263157894,0.9162234042553192,0.8421052631578947,0.9069148936170212,0.8736842105263158,-0.0093085106382978,-0.011081560283688,Results/exp_3.0_6_3_50.csv
0,380,190,190,285,100,95,8,1,1.0,3.0,0.9175531914893617,0.8842105263157894,0.9073581560283688,0.8526315789473684,0.8346631205673758,0.8736842105263158,-0.0726950354609929,-0.0828900709219858,Results/exp_3.0_8_1_100.csv
0,380,190,190,285,150,95,8,1,1.0,3.0,0.9175531914893617,0.8842105263157894,0.911790780141844,0.8947368421052632,0.8670212765957446,0.8736842105263158,-0.0447695035460993,-0.050531914893617,Results/exp_3.0_8_1_150.csv
0,380,190,190,285,200,95,8,1,1.0,3.0,0.9175531914893617,0.8842105263157894,0.9029255319148936,0.8736842105263158,0.8625886524822695,0.8736842105263158,-0.040336879432624,-0.0549645390070921,Results/exp_3.0_8_1_200.csv
0,380,190,190,285,250,95,8,1,1.0,3.0,0.9175531914893617,0.8842105263157894,0.9179964539007092,0.8842105263157894,0.8781028368794326,0.8736842105263158,-0.0398936170212766,-0.039450354609929,Results/exp_3.0_8_1_250.csv
0,380,190,190,285,50,95,8,1,1.0,3.0,0.9175531914893617,0.8842105263157894,0.9100177304964538,0.8421052631578947,0.8745567375886525,0.8736842105263158,-0.0354609929078013,-0.0429964539007091,Results/exp_3.0_8_1_50.csv
0,380,190,190,285,100,95,8,2,1.0,3.0,0.9175531914893617,0.8842105263157894,0.9073581560283688,0.8526315789473684,0.9113475177304964,0.8736842105263158,0.0039893617021276,-0.0062056737588652,Results/exp_3.0_8_2_100.csv
0,380,190,190,285,150,95,8,2,1.0,3.0,0.9175531914893617,0.8842105263157894,0.911790780141844,0.8947368421052632,0.8936170212765957,0.8736842105263158,-0.0181737588652481,-0.0239361702127659,Results/exp_3.0_8_2_150.csv
0,380,190,190,285,200,95,8,2,1.0,3.0,0.9175531914893617,0.8842105263157894,0.9029255319148936,0.8736842105263158,0.8772163120567376,0.8736842105263158,-0.0257092198581559,-0.040336879432624,Results/exp_3.0_8_2_200.csv
0,380,190,190,285,250,95,8,2,1.0,3.0,0.9175531914893617,0.8842105263157894,0.9179964539007092,0.8842105263157894,0.8789893617021277,0.8736842105263158,-0.0390070921985815,-0.0385638297872339,Results/exp_3.0_8_2_250.csv
0,380,190,190,285,50,95,8,2,1.0,3.0,0.9175531914893617,0.8842105263157894,0.9100177304964538,0.8421052631578947,0.8843085106382979,0.8736842105263158,-0.0257092198581559,-0.0332446808510638,Results/exp_3.0_8_2_50.csv
0,380,190,190,285,100,95,8,3,1.0,3.0,0.9175531914893617,0.8842105263157894,0.9073581560283688,0.8526315789473684,0.8922872340425532,0.8736842105263158,-0.0150709219858156,-0.0252659574468084,Results/exp_3.0_8_3_100.csv
0,380,190,190,285,150,95,8,3,1.0,3.0,0.9175531914893617,0.8842105263157894,0.911790780141844,0.8947368421052632,0.8962765957446809,0.8736842105263158,-0.015514184397163,-0.0212765957446807,Results/exp_3.0_8_3_150.csv
0,380,190,190,285,200,95,8,3,1.0,3.0,0.9175531914893617,0.8842105263157894,0.9029255319148936,0.8736842105263158,0.9166666666666666,0.8736842105263158,0.013741134751773,-0.000886524822695,Results/exp_3.0_8_3_200.csv
0,380,190,190,285,250,95,8,3,1.0,3.0,0.9175531914893617,0.8842105263157894,0.9179964539007092,0.8842105263157894,0.9104609929078014,0.8736842105263158,-0.0075354609929079,-0.0070921985815602,Results/exp_3.0_8_3_250.csv
0,380,190,190,285,50,95,8,3,1.0,3.0,0.9175531914893617,0.8842105263157894,0.9100177304964538,0.8421052631578947,0.8785460992907802,0.8736842105263158,-0.0314716312056736,-0.0390070921985814,Results/exp_3.0_8_3_50.csv
0,214,107,107,160,100,54,4,1,1.0,4.0,0.8010973936899863,0.7777777777777778,0.7997256515775034,0.7592592592592593,0.9643347050754458,0.9074074074074074,0.1646090534979424,0.1632373113854595,Results/exp_4.0_4_1_100.csv
0,214,107,107,160,150,54,4,1,1.0,4.0,0.8010973936899863,0.7777777777777778,0.8010973936899863,0.7407407407407407,0.9547325102880658,0.9074074074074074,0.1536351165980795,0.1536351165980795,Results/exp_4.0_4_1_150.csv
0,214,107,107,160,160,54,4,1,1.0,4.0,0.8010973936899863,0.7777777777777778,0.8010973936899863,0.7777777777777778,0.9602194787379972,0.9074074074074074,0.1591220850480108,0.1591220850480108,Results/exp_4.0_4_1_200.csv
0,214,107,107,160,160,54,4,1,1.0,4.0,0.8010973936899863,0.7777777777777778,0.8010973936899863,0.7777777777777778,0.9602194787379972,0.9074074074074074,0.1591220850480108,0.1591220850480108,Results/exp_4.0_4_1_250.csv
0,214,107,107,160,50,54,4,1,1.0,4.0,0.8010973936899863,0.7777777777777778,0.7997256515775034,0.8703703703703703,0.9300411522633744,0.8888888888888888,0.130315500685871,0.1289437585733881,Results/exp_4.0_4_1_50.csv
0,214,107,107,160,100,54,4,2,1.0,4.0,0.8010973936899863,0.7777777777777778,0.7997256515775034,0.7592592592592593,0.9135802469135802,0.9074074074074074,0.1138545953360767,0.1124828532235938,Results/exp_4.0_4_2_100.csv
0,214,107,107,160,150,54,4,2,1.0,4.0,0.8010973936899863,0.7777777777777778,0.8010973936899863,0.7407407407407407,0.9122085048010976,0.9074074074074074,0.1111111111111111,0.1111111111111111,Results/exp_4.0_4_2_150.csv
0,214,107,107,160,160,54,4,2,1.0,4.0,0.8010973936899863,0.7777777777777778,0.8010973936899863,0.7777777777777778,0.9122085048010976,0.9074074074074074,0.1111111111111111,0.1111111111111111,Results/exp_4.0_4_2_200.csv
0,214,107,107,160,160,54,4,2,1.0,4.0,0.8010973936899863,0.7777777777777778,0.8010973936899863,0.7777777777777778,0.9122085048010976,0.9074074074074074,0.1111111111111111,0.1111111111111111,Results/exp_4.0_4_2_250.csv
0,214,107,107,160,50,54,4,2,1.0,4.0,0.8010973936899863,0.7777777777777778,0.7997256515775034,0.8703703703703703,0.9314128943758572,0.9074074074074074,0.1316872427983538,0.1303155006858709,Results/exp_4.0_4_2_50.csv
0,214,107,107,160,100,54,4,3,1.0,4.0,0.8010973936899863,0.7777777777777778,0.7997256515775034,0.7592592592592593,0.9396433470507544,0.9074074074074074,0.139917695473251,0.1385459533607681,Results/exp_4.0_4_3_100.csv
0,214,107,107,160,150,54,4,3,1.0,4.0,0.8010973936899863,0.7777777777777778,0.8010973936899863,0.7407407407407407,0.9314128943758572,0.9074074074074074,0.1303155006858709,0.1303155006858709,Results/exp_4.0_4_3_150.csv
0,214,107,107,160,160,54,4,3,1.0,4.0,0.8010973936899863,0.7777777777777778,0.8010973936899863,0.7777777777777778,0.9314128943758572,0.9074074074074074,0.1303155006858709,0.1303155006858709,Results/exp_4.0_4_3_200.csv
0,214,107,107,160,160,54,4,3,1.0,4.0,0.8010973936899863,0.7777777777777778,0.8010973936899863,0.7777777777777778,0.9314128943758572,0.9074074074074074,0.1303155006858709,0.1303155006858709,Results/exp_4.0_4_3_250.csv
0,214,107,107,160,50,54,4,3,1.0,4.0,0.8010973936899863,0.7777777777777778,0.7997256515775034,0.8703703703703703,0.9478737997256516,0.9074074074074074,0.1481481481481481,0.1467764060356652,Results/exp_4.0_4_3_50.csv
0,214,107,107,160,100,54,6,1,1.0,4.0,0.8532235939643347,0.8518518518518519,0.8257887517146776,0.8148148148148148,0.9272976680384089,0.9074074074074074,0.1015089163237311,0.074074074074074,Results/exp_4.0_6_1_100.csv
0,214,107,107,160,150,54,6,1,1.0,4.0,0.8532235939643347,0.8518518518518519,0.8244170096021948,0.8518518518518519,0.9272976680384089,0.9074074074074074,0.1028806584362139,0.074074074074074,Results/exp_4.0_6_1_150.csv
0,214,107,107,160,160,54,6,1,1.0,4.0,0.8532235939643347,0.8518518518518519,0.8532235939643347,0.8518518518518519,0.9272976680384089,0.9074074074074074,0.0740740740740741,0.0740740740740741,Results/exp_4.0_6_1_200.csv
0,214,107,107,160,160,54,6,1,1.0,4.0,0.8532235939643347,0.8518518518518519,0.8532235939643347,0.8518518518518519,0.9272976680384089,0.9074074074074074,0.0740740740740741,0.0740740740740741,Results/exp_4.0_6_1_250.csv
0,214,107,107,160,50,54,6,1,1.0,4.0,0.8532235939643347,0.8518518518518519,0.803840877914952,0.8148148148148148,0.8984910836762687,0.9074074074074074,0.0946502057613167,0.045267489711934,Results/exp_4.0_6_1_50.csv
0,214,107,107,160,100,54,6,2,1.0,4.0,0.8532235939643347,0.8518518518518519,0.8257887517146776,0.8148148148148148,0.9135802469135804,0.9074074074074074,0.0877914951989027,0.0603566529492456,Results/exp_4.0_6_2_100.csv
0,214,107,107,160,150,54,6,2,1.0,4.0,0.8532235939643347,0.8518518518518519,0.8244170096021948,0.8518518518518519,0.9094650205761317,0.9074074074074074,0.0850480109739368,0.0562414266117969,Results/exp_4.0_6_2_150.csv
0,214,107,107,160,160,54,6,2,1.0,4.0,0.8532235939643347,0.8518518518518519,0.8532235939643347,0.8518518518518519,0.9080932784636488,0.9074074074074074,0.054869684499314,0.054869684499314,Results/exp_4.0_6_2_200.csv
0,214,107,107,160,160,54,6,2,1.0,4.0,0.8532235939643347,0.8518518518518519,0.8532235939643347,0.8518518518518519,0.9080932784636488,0.9074074074074074,0.054869684499314,0.054869684499314,Results/exp_4.0_6_2_250.csv
0,214,107,107,160,50,54,6,2,1.0,4.0,0.8532235939643347,0.8518518518518519,0.803840877914952,0.8148148148148148,0.897119341563786,0.9074074074074074,0.093278463648834,0.0438957475994513,Results/exp_4.0_6_2_50.csv
0,214,107,107,160,100,54,6,3,1.0,4.0,0.8532235939643347,0.8518518518518519,0.8257887517146776,0.8148148148148148,0.9231824417009602,0.9074074074074074,0.0973936899862826,0.0699588477366255,Results/exp_4.0_6_3_100.csv
0,214,107,107,160,150,54,6,3,1.0,4.0,0.8532235939643347,0.8518518518518519,0.8244170096021948,0.8518518518518519,0.9272976680384089,0.9074074074074074,0.1028806584362139,0.074074074074074,Results/exp_4.0_6_3_150.csv
0,214,107,107,160,160,54,6,3,1.0,4.0,0.8532235939643347,0.8518518518518519,0.8532235939643347,0.8518518518518519,0.9300411522633744,0.9074074074074074,0.0768175582990396,0.0768175582990396,Results/exp_4.0_6_3_200.csv
0,214,107,107,160,160,54,6,3,1.0,4.0,0.8532235939643347,0.8518518518518519,0.8532235939643347,0.8518518518518519,0.9300411522633744,0.9074074074074074,0.0768175582990396,0.0768175582990396,Results/exp_4.0_6_3_250.csv
0,214,107,107,160,50,54,6,3,1.0,4.0,0.8532235939643347,0.8518518518518519,0.803840877914952,0.8148148148148148,0.9190672153635115,0.9074074074074074,0.1152263374485597,0.0658436213991769,Results/exp_4.0_6_3_50.csv
0,214,107,107,160,100,54,8,1,1.0,4.0,0.92318244170096,0.8888888888888888,0.924554183813443,0.8703703703703703,0.9176954732510288,0.9074074074074074,-0.0068587105624141,-0.0054869684499312,Results/exp_4.0_8_1_100.csv
0,214,107,107,160,150,54,8,1,1.0,4.0,0.92318244170096,0.8888888888888888,0.92318244170096,0.8888888888888888,0.9218106995884774,0.9074074074074074,-0.0013717421124826,-0.0013717421124826,Results/exp_4.0_8_1_150.csv
0,214,107,107,160,160,54,8,1,1.0,4.0,0.92318244170096,0.8888888888888888,0.92318244170096,0.8888888888888888,0.9231824417009602,0.9074074074074074,1.1102230246251563e-16,1.1102230246251563e-16,Results/exp_4.0_8_1_200.csv
0,214,107,107,160,160,54,8,1,1.0,4.0,0.92318244170096,0.8888888888888888,0.92318244170096,0.8888888888888888,0.9231824417009602,0.9074074074074074,1.1102230246251563e-16,1.1102230246251563e-16,Results/exp_4.0_8_1_250.csv
0,214,107,107,160,50,54,8,1,1.0,4.0,0.92318244170096,0.8888888888888888,0.924554183813443,0.8148148148148148,0.916323731138546,0.9074074074074074,-0.008230452674897,-0.0068587105624141,Results/exp_4.0_8_1_50.csv
0,214,107,107,160,100,54,8,2,1.0,4.0,0.92318244170096,0.8888888888888888,0.924554183813443,0.8703703703703703,0.9080932784636488,0.9074074074074074,-0.0164609053497941,-0.0150891632373112,Results/exp_4.0_8_2_100.csv
0,214,107,107,160,150,54,8,2,1.0,4.0,0.92318244170096,0.8888888888888888,0.92318244170096,0.8888888888888888,0.8888888888888888,0.9074074074074074,-0.0342935528120712,-0.0342935528120712,Results/exp_4.0_8_2_150.csv
0,214,107,107,160,160,54,8,2,1.0,4.0,0.92318244170096,0.8888888888888888,0.92318244170096,0.8888888888888888,0.8957475994513031,0.9074074074074074,-0.0274348422496569,-0.0274348422496569,Results/exp_4.0_8_2_200.csv
0,214,107,107,160,160,54,8,2,1.0,4.0,0.92318244170096,0.8888888888888888,0.92318244170096,0.8888888888888888,0.8957475994513031,0.9074074074074074,-0.0274348422496569,-0.0274348422496569,Results/exp_4.0_8_2_250.csv
0,214,107,107,160,50,54,8,2,1.0,4.0,0.92318244170096,0.8888888888888888,0.924554183813443,0.8148148148148148,0.9423868312757202,0.9074074074074074,0.0178326474622771,0.0192043895747601,Results/exp_4.0_8_2_50.csv
0,214,107,107,160,100,54,8,3,1.0,4.0,0.92318244170096,0.8888888888888888,0.924554183813443,0.8703703703703703,0.8943758573388202,0.9074074074074074,-0.0301783264746228,-0.0288065843621398,Results/exp_4.0_8_3_100.csv
0,214,107,107,160,150,54,8,3,1.0,4.0,0.92318244170096,0.8888888888888888,0.92318244170096,0.8888888888888888,0.8943758573388203,0.9074074074074074,-0.0288065843621397,-0.0288065843621397,Results/exp_4.0_8_3_150.csv
0,214,107,107,160,160,54,8,3,1.0,4.0,0.92318244170096,0.8888888888888888,0.92318244170096,0.8888888888888888,0.8943758573388203,0.9074074074074074,-0.0288065843621397,-0.0288065843621397,Results/exp_4.0_8_3_200.csv
0,214,107,107,160,160,54,8,3,1.0,4.0,0.92318244170096,0.8888888888888888,0.92318244170096,0.8888888888888888,0.8943758573388203,0.9074074074074074,-0.0288065843621397,-0.0288065843621397,Results/exp_4.0_8_3_250.csv
0,214,107,107,160,50,54,8,3,1.0,4.0,0.92318244170096,0.8888888888888888,0.924554183813443,0.8148148148148148,0.9026063100137174,0.9074074074074074,-0.0219478737997256,-0.0205761316872427,Results/exp_4.0_8_3_50.csv
0,130,65,65,97,97,33,4,1,1.0,5.0,0.8897058823529411,0.8484848484848485,0.8897058823529411,0.8484848484848485,0.9375,0.9090909090909092,0.0477941176470588,0.0477941176470588,Results/exp_5.0_4_1_100.csv
0,130,65,65,97,97,33,4,1,1.0,5.0,0.8897058823529411,0.8484848484848485,0.8897058823529411,0.8484848484848485,0.9375,0.9090909090909092,0.0477941176470588,0.0477941176470588,Results/exp_5.0_4_1_150.csv
0,130,65,65,97,97,33,4,1,1.0,5.0,0.8897058823529411,0.8484848484848485,0.8897058823529411,0.8484848484848485,0.9375,0.9090909090909092,0.0477941176470588,0.0477941176470588,Results/exp_5.0_4_1_200.csv
0,130,65,65,97,97,33,4,1,1.0,5.0,0.8897058823529411,0.8484848484848485,0.8897058823529411,0.8484848484848485,0.9375,0.9090909090909092,0.0477941176470588,0.0477941176470588,Results/exp_5.0_4_1_250.csv
0,130,65,65,97,50,33,4,1,1.0,5.0,0.8897058823529411,0.8484848484848485,0.9172794117647058,0.4848484848484848,0.9669117647058824,0.9393939393939394,0.0496323529411765,0.0772058823529412,Results/exp_5.0_4_1_50.csv
0,130,65,65,97,97,33,4,2,1.0,5.0,0.8897058823529411,0.8484848484848485,0.8897058823529411,0.8484848484848485,0.9448529411764706,0.9393939393939394,0.0551470588235294,0.0551470588235294,Results/exp_5.0_4_2_100.csv
0,130,65,65,97,97,33,4,2,1.0,5.0,0.8897058823529411,0.8484848484848485,0.8897058823529411,0.8484848484848485,0.9448529411764706,0.9393939393939394,0.0551470588235294,0.0551470588235294,Results/exp_5.0_4_2_150.csv
0,130,65,65,97,97,33,4,2,1.0,5.0,0.8897058823529411,0.8484848484848485,0.8897058823529411,0.8484848484848485,0.9448529411764706,0.9393939393939394,0.0551470588235294,0.0551470588235294,Results/exp_5.0_4_2_200.csv
0,130,65,65,97,97,33,4,2,1.0,5.0,0.8897058823529411,0.8484848484848485,0.8897058823529411,0.8484848484848485,0.9448529411764706,0.9393939393939394,0.0551470588235294,0.0551470588235294,Results/exp_5.0_4_2_250.csv
0,130,65,65,97,50,33,4,2,1.0,5.0,0.8897058823529411,0.8484848484848485,0.9172794117647058,0.4848484848484848,0.9375,0.9393939393939394,0.0202205882352941,0.0477941176470588,Results/exp_5.0_4_2_50.csv
0,130,65,65,97,97,33,4,3,1.0,5.0,0.8897058823529411,0.8484848484848485,0.8897058823529411,0.8484848484848485,0.9889705882352942,0.9696969696969696,0.099264705882353,0.099264705882353,Results/exp_5.0_4_3_100.csv
0,130,65,65,97,97,33,4,3,1.0,5.0,0.8897058823529411,0.8484848484848485,0.8897058823529411,0.8484848484848485,0.9889705882352942,0.9696969696969696,0.099264705882353,0.099264705882353,Results/exp_5.0_4_3_150.csv
0,130,65,65,97,97,33,4,3,1.0,5.0,0.8897058823529411,0.8484848484848485,0.8897058823529411,0.8484848484848485,0.9889705882352942,0.9696969696969696,0.099264705882353,0.099264705882353,Results/exp_5.0_4_3_200.csv
0,130,65,65,97,97,33,4,3,1.0,5.0,0.8897058823529411,0.8484848484848485,0.8897058823529411,0.8484848484848485,0.9889705882352942,0.9696969696969696,0.099264705882353,0.099264705882353,Results/exp_5.0_4_3_250.csv
0,130,65,65,97,50,33,4,3,1.0,5.0,0.8897058823529411,0.8484848484848485,0.9172794117647058,0.4848484848484848,0.9779411764705882,0.9696969696969696,0.0606617647058823,0.088235294117647,Results/exp_5.0_4_3_50.csv
0,130,65,65,97,97,33,6,1,1.0,5.0,0.8897058823529411,0.8181818181818182,0.8897058823529411,0.8181818181818182,0.9816176470588236,0.9696969696969696,0.0919117647058823,0.0919117647058823,Results/exp_5.0_6_1_100.csv
0,130,65,65,97,97,33,6,1,1.0,5.0,0.8897058823529411,0.8181818181818182,0.8897058823529411,0.8181818181818182,0.9816176470588236,0.9696969696969696,0.0919117647058823,0.0919117647058823,Results/exp_5.0_6_1_150.csv
0,130,65,65,97,97,33,6,1,1.0,5.0,0.8897058823529411,0.8181818181818182,0.8897058823529411,0.8181818181818182,0.9816176470588236,0.9696969696969696,0.0919117647058823,0.0919117647058823,Results/exp_5.0_6_1_200.csv
0,130,65,65,97,97,33,6,1,1.0,5.0,0.8897058823529411,0.8181818181818182,0.8897058823529411,0.8181818181818182,0.9816176470588236,0.9696969696969696,0.0919117647058823,0.0919117647058823,Results/exp_5.0_6_1_250.csv
0,130,65,65,97,50,33,6,1,1.0,5.0,0.8897058823529411,0.8181818181818182,0.8897058823529411,0.8181818181818182,0.9816176470588236,0.9696969696969696,0.0919117647058823,0.0919117647058823,Results/exp_5.0_6_1_50.csv
0,130,65,65,97,97,33,6,2,1.0,5.0,0.8897058823529411,0.8181818181818182,0.8897058823529411,0.8181818181818182,0.9411764705882352,0.9696969696969696,0.0514705882352941,0.0514705882352941,Results/exp_5.0_6_2_100.csv
0,130,65,65,97,97,33,6,2,1.0,5.0,0.8897058823529411,0.8181818181818182,0.8897058823529411,0.8181818181818182,0.9411764705882352,0.9696969696969696,0.0514705882352941,0.0514705882352941,Results/exp_5.0_6_2_150.csv
0,130,65,65,97,97,33,6,2,1.0,5.0,0.8897058823529411,0.8181818181818182,0.8897058823529411,0.8181818181818182,0.9411764705882352,0.9696969696969696,0.0514705882352941,0.0514705882352941,Results/exp_5.0_6_2_200.csv
0,130,65,65,97,97,33,6,2,1.0,5.0,0.8897058823529411,0.8181818181818182,0.8897058823529411,0.8181818181818182,0.9411764705882352,0.9696969696969696,0.0514705882352941,0.0514705882352941,Results/exp_5.0_6_2_250.csv
0,130,65,65,97,50,33,6,2,1.0,5.0,0.8897058823529411,0.8181818181818182,0.8897058823529411,0.8181818181818182,0.9411764705882352,0.9696969696969696,0.0514705882352941,0.0514705882352941,Results/exp_5.0_6_2_50.csv
0,130,65,65,97,97,33,6,3,1.0,5.0,0.8897058823529411,0.8181818181818182,0.8897058823529411,0.8181818181818182,0.9779411764705882,0.9696969696969696,0.088235294117647,0.088235294117647,Results/exp_5.0_6_3_100.csv
0,130,65,65,97,97,33,6,3,1.0,5.0,0.8897058823529411,0.8181818181818182,0.8897058823529411,0.8181818181818182,0.9779411764705882,0.9696969696969696,0.088235294117647,0.088235294117647,Results/exp_5.0_6_3_150.csv
0,130,65,65,97,97,33,6,3,1.0,5.0,0.8897058823529411,0.8181818181818182,0.8897058823529411,0.8181818181818182,0.9779411764705882,0.9696969696969696,0.088235294117647,0.088235294117647,Results/exp_5.0_6_3_200.csv
0,130,65,65,97,97,33,6,3,1.0,5.0,0.8897058823529411,0.8181818181818182,0.8897058823529411,0.8181818181818182,0.9779411764705882,0.9696969696969696,0.088235294117647,0.088235294117647,Results/exp_5.0_6_3_250.csv
0,130,65,65,97,50,33,6,3,1.0,5.0,0.8897058823529411,0.8181818181818182,0.8897058823529411,0.8181818181818182,0.9889705882352942,0.9696969696969696,0.099264705882353,0.099264705882353,Results/exp_5.0_6_3_50.csv
0,130,65,65,97,97,33,8,1,1.0,5.0,0.8897058823529411,0.8181818181818182,0.8897058823529411,0.8181818181818182,0.9963235294117648,0.9696969696969696,0.1066176470588236,0.1066176470588236,Results/exp_5.0_8_1_100.csv
0,130,65,65,97,97,33,8,1,1.0,5.0,0.8897058823529411,0.8181818181818182,0.8897058823529411,0.8181818181818182,0.9963235294117648,0.9696969696969696,0.1066176470588236,0.1066176470588236,Results/exp_5.0_8_1_150.csv
0,130,65,65,97,97,33,8,1,1.0,5.0,0.8897058823529411,0.8181818181818182,0.8897058823529411,0.8181818181818182,0.9963235294117648,0.9696969696969696,0.1066176470588236,0.1066176470588236,Results/exp_5.0_8_1_200.csv
0,130,65,65,97,97,33,8,1,1.0,5.0,0.8897058823529411,0.8181818181818182,0.8897058823529411,0.8181818181818182,0.9963235294117648,0.9696969696969696,0.1066176470588236,0.1066176470588236,Results/exp_5.0_8_1_250.csv
0,130,65,65,97,50,33,8,1,1.0,5.0,0.8897058823529411,0.8181818181818182,0.8897058823529411,0.8787878787878788,0.9816176470588236,0.9696969696969696,0.0919117647058823,0.0919117647058823,Results/exp_5.0_8_1_50.csv
0,130,65,65,97,97,33,8,2,1.0,5.0,0.8897058823529411,0.8181818181818182,0.8897058823529411,0.8181818181818182,0.9522058823529412,0.9696969696969696,0.0625,0.0625,Results/exp_5.0_8_2_100.csv
0,130,65,65,97,97,33,8,2,1.0,5.0,0.8897058823529411,0.8181818181818182,0.8897058823529411,0.8181818181818182,0.9522058823529412,0.9696969696969696,0.0625,0.0625,Results/exp_5.0_8_2_150.csv
0,130,65,65,97,97,33,8,2,1.0,5.0,0.8897058823529411,0.8181818181818182,0.8897058823529411,0.8181818181818182,0.9522058823529412,0.9696969696969696,0.0625,0.0625,Results/exp_5.0_8_2_200.csv
0,130,65,65,97,97,33,8,2,1.0,5.0,0.8897058823529411,0.8181818181818182,0.8897058823529411,0.8181818181818182,0.9522058823529412,0.9696969696969696,0.0625,0.0625,Results/exp_5.0_8_2_250.csv
0,130,65,65,97,50,33,8,2,1.0,5.0,0.8897058823529411,0.8181818181818182,0.8897058823529411,0.8787878787878788,0.9411764705882352,0.9696969696969696,0.0514705882352941,0.0514705882352941,Results/exp_5.0_8_2_50.csv
0,130,65,65,97,97,33,8,3,1.0,5.0,0.8897058823529411,0.8181818181818182,0.8897058823529411,0.8181818181818182,0.9963235294117648,0.9696969696969696,0.1066176470588236,0.1066176470588236,Results/exp_5.0_8_3_100.csv
0,130,65,65,97,97,33,8,3,1.0,5.0,0.8897058823529411,0.8181818181818182,0.8897058823529411,0.8181818181818182,0.9963235294117648,0.9696969696969696,0.1066176470588236,0.1066176470588236,Results/exp_5.0_8_3_150.csv
0,130,65,65,97,97,33,8,3,1.0,5.0,0.8897058823529411,0.8181818181818182,0.8897058823529411,0.8181818181818182,0.9963235294117648,0.9696969696969696,0.1066176470588236,0.1066176470588236,Results/exp_5.0_8_3_200.csv
0,130,65,65,97,97,33,8,3,1.0,5.0,0.8897058823529411,0.8181818181818182,0.8897058823529411,0.8181818181818182,0.9963235294117648,0.9696969696969696,0.1066176470588236,0.1066176470588236,Results/exp_5.0_8_3_250.csv
0,130,65,65,97,50,33,8,3,1.0,5.0,0.8897058823529411,0.8181818181818182,0.8897058823529411,0.8787878787878788,1.0,0.9696969696969696,0.1102941176470588,0.1102941176470588,Results/exp_5.0_8_3_50.csv
0,94,47,47,70,70,24,4,1,1.0,6.0,0.9166666666666666,0.6666666666666666,0.9166666666666666,0.6666666666666666,0.9375,0.9583333333333334,0.0208333333333333,0.0208333333333333,Results/exp_6.0_4_1_100.csv
0,94,47,47,70,70,24,4,1,1.0,6.0,0.9166666666666666,0.6666666666666666,0.9166666666666666,0.6666666666666666,0.9375,0.9583333333333334,0.0208333333333333,0.0208333333333333,Results/exp_6.0_4_1_150.csv
0,94,47,47,70,70,24,4,1,1.0,6.0,0.9166666666666666,0.6666666666666666,0.9166666666666666,0.6666666666666666,0.9375,0.9583333333333334,0.0208333333333333,0.0208333333333333,Results/exp_6.0_4_1_200.csv
0,94,47,47,70,70,24,4,1,1.0,6.0,0.9166666666666666,0.6666666666666666,0.9166666666666666,0.6666666666666666,0.9375,0.9583333333333334,0.0208333333333333,0.0208333333333333,Results/exp_6.0_4_1_250.csv
0,94,47,47,70,50,24,4,1,1.0,6.0,0.9166666666666666,0.6666666666666666,0.9166666666666666,0.5833333333333334,0.9513888888888888,0.9583333333333334,0.0347222222222222,0.0347222222222222,Results/exp_6.0_4_1_50.csv
0,94,47,47,70,70,24,4,2,1.0,6.0,0.9166666666666666,0.6666666666666666,0.9166666666666666,0.6666666666666666,0.9444444444444444,0.9583333333333334,0.0277777777777777,0.0277777777777777,Results/exp_6.0_4_2_100.csv
0,94,47,47,70,70,24,4,2,1.0,6.0,0.9166666666666666,0.6666666666666666,0.9166666666666666,0.6666666666666666,0.9444444444444444,0.9583333333333334,0.0277777777777777,0.0277777777777777,Results/exp_6.0_4_2_150.csv
0,94,47,47,70,70,24,4,2,1.0,6.0,0.9166666666666666,0.6666666666666666,0.9166666666666666,0.6666666666666666,0.9444444444444444,0.9583333333333334,0.0277777777777777,0.0277777777777777,Results/exp_6.0_4_2_200.csv
0,94,47,47,70,70,24,4,2,1.0,6.0,0.9166666666666666,0.6666666666666666,0.9166666666666666,0.6666666666666666,0.9444444444444444,0.9583333333333334,0.0277777777777777,0.0277777777777777,Results/exp_6.0_4_2_250.csv
0,94,47,47,70,50,24,4,2,1.0,6.0,0.9166666666666666,0.6666666666666666,0.9166666666666666,0.5833333333333334,0.9861111111111112,0.9583333333333334,0.0694444444444445,0.0694444444444445,Results/exp_6.0_4_2_50.csv
0,94,47,47,70,70,24,4,3,1.0,6.0,0.9166666666666666,0.6666666666666666,0.9166666666666666,0.6666666666666666,0.9513888888888888,0.9583333333333334,0.0347222222222222,0.0347222222222222,Results/exp_6.0_4_3_100.csv
0,94,47,47,70,70,24,4,3,1.0,6.0,0.9166666666666666,0.6666666666666666,0.9166666666666666,0.6666666666666666,0.9513888888888888,0.9583333333333334,0.0347222222222222,0.0347222222222222,Results/exp_6.0_4_3_150.csv
0,94,47,47,70,70,24,4,3,1.0,6.0,0.9166666666666666,0.6666666666666666,0.9166666666666666,0.6666666666666666,0.9513888888888888,0.9583333333333334,0.0347222222222222,0.0347222222222222,Results/exp_6.0_4_3_200.csv
0,94,47,47,70,70,24,4,3,1.0,6.0,0.9166666666666666,0.6666666666666666,0.9166666666666666,0.6666666666666666,0.9513888888888888,0.9583333333333334,0.0347222222222222,0.0347222222222222,Results/exp_6.0_4_3_250.csv
0,94,47,47,70,50,24,4,3,1.0,6.0,0.9166666666666666,0.6666666666666666,0.9166666666666666,0.5833333333333334,0.9513888888888888,0.9583333333333334,0.0347222222222222,0.0347222222222222,Results/exp_6.0_4_3_50.csv
0,94,47,47,70,70,24,6,1,1.0,6.0,0.8333333333333334,0.7083333333333334,0.8333333333333334,0.7083333333333334,0.9583333333333331,0.9583333333333334,0.1249999999999998,0.1249999999999998,Results/exp_6.0_6_1_100.csv
0,94,47,47,70,70,24,6,1,1.0,6.0,0.8333333333333334,0.7083333333333334,0.8333333333333334,0.7083333333333334,0.9583333333333331,0.9583333333333334,0.1249999999999998,0.1249999999999998,Results/exp_6.0_6_1_150.csv
0,94,47,47,70,70,24,6,1,1.0,6.0,0.8333333333333334,0.7083333333333334,0.8333333333333334,0.7083333333333334,0.9583333333333331,0.9583333333333334,0.1249999999999998,0.1249999999999998,Results/exp_6.0_6_1_200.csv
0,94,47,47,70,70,24,6,1,1.0,6.0,0.8333333333333334,0.7083333333333334,0.8333333333333334,0.7083333333333334,0.9583333333333331,0.9583333333333334,0.1249999999999998,0.1249999999999998,Results/exp_6.0_6_1_250.csv
0,94,47,47,70,50,24,6,1,1.0,6.0,0.8333333333333334,0.7083333333333334,0.8333333333333333,0.6666666666666666,0.9652777777777776,0.9583333333333334,0.1319444444444444,0.1319444444444443,Results/exp_6.0_6_1_50.csv
0,94,47,47,70,70,24,6,2,1.0,6.0,0.8333333333333334,0.7083333333333334,0.8333333333333334,0.7083333333333334,0.9513888888888888,0.9583333333333334,0.1180555555555554,0.1180555555555554,Results/exp_6.0_6_2_100.csv
0,94,47,47,70,70,24,6,2,1.0,6.0,0.8333333333333334,0.7083333333333334,0.8333333333333334,0.7083333333333334,0.9513888888888888,0.9583333333333334,0.1180555555555554,0.1180555555555554,Results/exp_6.0_6_2_150.csv
0,94,47,47,70,70,24,6,2,1.0,6.0,0.8333333333333334,0.7083333333333334,0.8333333333333334,0.7083333333333334,0.9513888888888888,0.9583333333333334,0.1180555555555554,0.1180555555555554,Results/exp_6.0_6_2_200.csv
0,94,47,47,70,70,24,6,2,1.0,6.0,0.8333333333333334,0.7083333333333334,0.8333333333333334,0.7083333333333334,0.9513888888888888,0.9583333333333334,0.1180555555555554,0.1180555555555554,Results/exp_6.0_6_2_250.csv
0,94,47,47,70,50,24,6,2,1.0,6.0,0.8333333333333334,0.7083333333333334,0.8333333333333333,0.6666666666666666,0.9583333333333331,0.9583333333333334,0.125,0.1249999999999998,Results/exp_6.0_6_2_50.csv
0,94,47,47,70,70,24,6,3,1.0,6.0,0.8333333333333334,0.7083333333333334,0.8333333333333334,0.7083333333333334,0.9305555555555556,0.9583333333333334,0.0972222222222221,0.0972222222222221,Results/exp_6.0_6_3_100.csv
0,94,47,47,70,70,24,6,3,1.0,6.0,0.8333333333333334,0.7083333333333334,0.8333333333333334,0.7083333333333334,0.9305555555555556,0.9583333333333334,0.0972222222222221,0.0972222222222221,Results/exp_6.0_6_3_150.csv
0,94,47,47,70,70,24,6,3,1.0,6.0,0.8333333333333334,0.7083333333333334,0.8333333333333334,0.7083333333333334,0.9305555555555556,0.9583333333333334,0.0972222222222221,0.0972222222222221,Results/exp_6.0_6_3_200.csv
0,94,47,47,70,70,24,6,3,1.0,6.0,0.8333333333333334,0.7083333333333334,0.8333333333333334,0.7083333333333334,0.9305555555555556,0.9583333333333334,0.0972222222222221,0.0972222222222221,Results/exp_6.0_6_3_250.csv
0,94,47,47,70,50,24,6,3,1.0,6.0,0.8333333333333334,0.7083333333333334,0.8333333333333333,0.6666666666666666,0.9375,0.9583333333333334,0.1041666666666667,0.1041666666666666,Results/exp_6.0_6_3_50.csv
0,94,47,47,70,70,24,8,1,1.0,6.0,0.8402777777777778,0.7083333333333334,0.8402777777777778,0.7083333333333334,0.9513888888888888,0.9583333333333334,0.111111111111111,0.111111111111111,Results/exp_6.0_8_1_100.csv
0,94,47,47,70,70,24,8,1,1.0,6.0,0.8402777777777778,0.7083333333333334,0.8402777777777778,0.7083333333333334,0.9513888888888888,0.9583333333333334,0.111111111111111,0.111111111111111,Results/exp_6.0_8_1_150.csv
0,94,47,47,70,70,24,8,1,1.0,6.0,0.8402777777777778,0.7083333333333334,0.8402777777777778,0.7083333333333334,0.9513888888888888,0.9583333333333334,0.111111111111111,0.111111111111111,Results/exp_6.0_8_1_200.csv
0,94,47,47,70,70,24,8,1,1.0,6.0,0.8402777777777778,0.7083333333333334,0.8402777777777778,0.7083333333333334,0.9513888888888888,0.9583333333333334,0.111111111111111,0.111111111111111,Results/exp_6.0_8_1_250.csv
0,94,47,47,70,50,24,8,1,1.0,6.0,0.8402777777777778,0.7083333333333334,0.8402777777777778,0.625,0.9583333333333331,0.9583333333333334,0.1180555555555554,0.1180555555555554,Results/exp_6.0_8_1_50.csv
0,94,47,47,70,70,24,8,2,1.0,6.0,0.8402777777777778,0.7083333333333334,0.8402777777777778,0.7083333333333334,0.9305555555555556,0.9583333333333334,0.0902777777777776,0.0902777777777776,Results/exp_6.0_8_2_100.csv
0,94,47,47,70,70,24,8,2,1.0,6.0,0.8402777777777778,0.7083333333333334,0.8402777777777778,0.7083333333333334,0.9305555555555556,0.9583333333333334,0.0902777777777776,0.0902777777777776,Results/exp_6.0_8_2_150.csv
0,94,47,47,70,70,24,8,2,1.0,6.0,0.8402777777777778,0.7083333333333334,0.8402777777777778,0.7083333333333334,0.9305555555555556,0.9583333333333334,0.0902777777777776,0.0902777777777776,Results/exp_6.0_8_2_200.csv
0,94,47,47,70,70,24,8,2,1.0,6.0,0.8402777777777778,0.7083333333333334,0.8402777777777778,0.7083333333333334,0.9305555555555556,0.9583333333333334,0.0902777777777776,0.0902777777777776,Results/exp_6.0_8_2_250.csv
0,94,47,47,70,50,24,8,2,1.0,6.0,0.8402777777777778,0.7083333333333334,0.8402777777777778,0.625,0.9375,0.9583333333333334,0.0972222222222222,0.0972222222222222,Results/exp_6.0_8_2_50.csv
0,94,47,47,70,70,24,8,3,1.0,6.0,0.8402777777777778,0.7083333333333334,0.8402777777777778,0.7083333333333334,0.9513888888888888,0.9583333333333334,0.111111111111111,0.111111111111111,Results/exp_6.0_8_3_100.csv
0,94,47,47,70,70,24,8,3,1.0,6.0,0.8402777777777778,0.7083333333333334,0.8402777777777778,0.7083333333333334,0.9513888888888888,0.9583333333333334,0.111111111111111,0.111111111111111,Results/exp_6.0_8_3_150.csv
0,94,47,47,70,70,24,8,3,1.0,6.0,0.8402777777777778,0.7083333333333334,0.8402777777777778,0.7083333333333334,0.9513888888888888,0.9583333333333334,0.111111111111111,0.111111111111111,Results/exp_6.0_8_3_200.csv
0,94,47,47,70,70,24,8,3,1.0,6.0,0.8402777777777778,0.7083333333333334,0.8402777777777778,0.7083333333333334,0.9513888888888888,0.9583333333333334,0.111111111111111,0.111111111111111,Results/exp_6.0_8_3_250.csv
0,94,47,47,70,50,24,8,3,1.0,6.0,0.8402777777777778,0.7083333333333334,0.8402777777777778,0.625,0.9583333333333331,0.9583333333333334,0.1180555555555554,0.1180555555555554,Results/exp_6.0_8_3_50.csv
0,68,34,34,51,51,17,4,1,1.0,7.0,0.875,0.8235294117647058,0.875,0.8235294117647058,0.986111111111111,0.9411764705882352,0.111111111111111,0.111111111111111,Results/exp_7.0_4_1_100.csv
0,68,34,34,51,51,17,4,1,1.0,7.0,0.875,0.8235294117647058,0.875,0.8235294117647058,0.986111111111111,0.9411764705882352,0.111111111111111,0.111111111111111,Results/exp_7.0_4_1_150.csv
0,68,34,34,51,51,17,4,1,1.0,7.0,0.875,0.8235294117647058,0.875,0.8235294117647058,0.986111111111111,0.9411764705882352,0.111111111111111,0.111111111111111,Results/exp_7.0_4_1_200.csv
0,68,34,34,51,51,17,4,1,1.0,7.0,0.875,0.8235294117647058,0.875,0.8235294117647058,0.986111111111111,0.9411764705882352,0.111111111111111,0.111111111111111,Results/exp_7.0_4_1_250.csv
0,68,34,34,51,50,17,4,1,1.0,7.0,0.875,0.8235294117647058,0.875,0.8235294117647058,0.986111111111111,0.9411764705882352,0.111111111111111,0.111111111111111,Results/exp_7.0_4_1_50.csv
0,68,34,34,51,51,17,4,2,1.0,7.0,0.875,0.8235294117647058,0.875,0.8235294117647058,0.875,0.9411764705882352,0.0,0.0,Results/exp_7.0_4_2_100.csv
0,68,34,34,51,51,17,4,2,1.0,7.0,0.875,0.8235294117647058,0.875,0.8235294117647058,0.875,0.9411764705882352,0.0,0.0,Results/exp_7.0_4_2_150.csv
0,68,34,34,51,51,17,4,2,1.0,7.0,0.875,0.8235294117647058,0.875,0.8235294117647058,0.875,0.9411764705882352,0.0,0.0,Results/exp_7.0_4_2_200.csv
0,68,34,34,51,51,17,4,2,1.0,7.0,0.875,0.8235294117647058,0.875,0.8235294117647058,0.875,0.9411764705882352,0.0,0.0,Results/exp_7.0_4_2_250.csv
0,68,34,34,51,50,17,4,2,1.0,7.0,0.875,0.8235294117647058,0.875,0.8235294117647058,0.875,0.9411764705882352,0.0,0.0,Results/exp_7.0_4_2_50.csv
0,68,34,34,51,51,17,4,3,1.0,7.0,0.875,0.8235294117647058,0.875,0.8235294117647058,0.9027777777777778,0.9411764705882352,0.0277777777777777,0.0277777777777777,Results/exp_7.0_4_3_100.csv
0,68,34,34,51,51,17,4,3,1.0,7.0,0.875,0.8235294117647058,0.875,0.8235294117647058,0.9027777777777778,0.9411764705882352,0.0277777777777777,0.0277777777777777,Results/exp_7.0_4_3_150.csv
0,68,34,34,51,51,17,4,3,1.0,7.0,0.875,0.8235294117647058,0.875,0.8235294117647058,0.9027777777777778,0.9411764705882352,0.0277777777777777,0.0277777777777777,Results/exp_7.0_4_3_200.csv
0,68,34,34,51,51,17,4,3,1.0,7.0,0.875,0.8235294117647058,0.875,0.8235294117647058,0.9027777777777778,0.9411764705882352,0.0277777777777777,0.0277777777777777,Results/exp_7.0_4_3_250.csv
0,68,34,34,51,50,17,4,3,1.0,7.0,0.875,0.8235294117647058,0.875,0.8235294117647058,0.9027777777777778,0.9411764705882352,0.0277777777777777,0.0277777777777777,Results/exp_7.0_4_3_50.csv
0,68,34,34,51,51,17,6,1,1.0,7.0,0.9305555555555556,0.8235294117647058,0.9305555555555556,0.8235294117647058,0.9166666666666666,0.9411764705882352,-0.0138888888888889,-0.0138888888888889,Results/exp_7.0_6_1_100.csv
0,68,34,34,51,51,17,6,1,1.0,7.0,0.9305555555555556,0.8235294117647058,0.9305555555555556,0.8235294117647058,0.9166666666666666,0.9411764705882352,-0.0138888888888889,-0.0138888888888889,Results/exp_7.0_6_1_150.csv
0,68,34,34,51,51,17,6,1,1.0,7.0,0.9305555555555556,0.8235294117647058,0.9305555555555556,0.8235294117647058,0.9166666666666666,0.9411764705882352,-0.0138888888888889,-0.0138888888888889,Results/exp_7.0_6_1_200.csv
0,68,34,34,51,51,17,6,1,1.0,7.0,0.9305555555555556,0.8235294117647058,0.9305555555555556,0.8235294117647058,0.9166666666666666,0.9411764705882352,-0.0138888888888889,-0.0138888888888889,Results/exp_7.0_6_1_250.csv
0,68,34,34,51,50,17,6,1,1.0,7.0,0.9305555555555556,0.8235294117647058,0.9305555555555556,0.8235294117647058,0.9166666666666666,0.9411764705882352,-0.0138888888888889,-0.0138888888888889,Results/exp_7.0_6_1_50.csv
0,68,34,34,51,51,17,6,2,1.0,7.0,0.9305555555555556,0.8235294117647058,0.9305555555555556,0.8235294117647058,0.986111111111111,0.9411764705882352,0.0555555555555554,0.0555555555555554,Results/exp_7.0_6_2_100.csv
0,68,34,34,51,51,17,6,2,1.0,7.0,0.9305555555555556,0.8235294117647058,0.9305555555555556,0.8235294117647058,0.986111111111111,0.9411764705882352,0.0555555555555554,0.0555555555555554,Results/exp_7.0_6_2_150.csv
0,68,34,34,51,51,17,6,2,1.0,7.0,0.9305555555555556,0.8235294117647058,0.9305555555555556,0.8235294117647058,0.986111111111111,0.9411764705882352,0.0555555555555554,0.0555555555555554,Results/exp_7.0_6_2_200.csv
0,68,34,34,51,51,17,6,2,1.0,7.0,0.9305555555555556,0.8235294117647058,0.9305555555555556,0.8235294117647058,0.986111111111111,0.9411764705882352,0.0555555555555554,0.0555555555555554,Results/exp_7.0_6_2_250.csv
0,68,34,34,51,50,17,6,2,1.0,7.0,0.9305555555555556,0.8235294117647058,0.9305555555555556,0.8235294117647058,0.986111111111111,0.9411764705882352,0.0555555555555554,0.0555555555555554,Results/exp_7.0_6_2_50.csv
0,68,34,34,51,51,17,6,3,1.0,7.0,0.9305555555555556,0.8235294117647058,0.9305555555555556,0.8235294117647058,0.9166666666666666,0.9411764705882352,-0.0138888888888889,-0.0138888888888889,Results/exp_7.0_6_3_100.csv
0,68,34,34,51,51,17,6,3,1.0,7.0,0.9305555555555556,0.8235294117647058,0.9305555555555556,0.8235294117647058,0.9166666666666666,0.9411764705882352,-0.0138888888888889,-0.0138888888888889,Results/exp_7.0_6_3_150.csv
0,68,34,34,51,51,17,6,3,1.0,7.0,0.9305555555555556,0.8235294117647058,0.9305555555555556,0.8235294117647058,0.9166666666666666,0.9411764705882352,-0.0138888888888889,-0.0138888888888889,Results/exp_7.0_6_3_200.csv
0,68,34,34,51,51,17,6,3,1.0,7.0,0.9305555555555556,0.8235294117647058,0.9305555555555556,0.8235294117647058,0.9166666666666666,0.9411764705882352,-0.0138888888888889,-0.0138888888888889,Results/exp_7.0_6_3_250.csv
0,68,34,34,51,50,17,6,3,1.0,7.0,0.9305555555555556,0.8235294117647058,0.9305555555555556,0.8235294117647058,0.9166666666666666,0.9411764705882352,-0.0138888888888889,-0.0138888888888889,Results/exp_7.0_6_3_50.csv
0,68,34,34,51,51,17,8,1,1.0,7.0,0.9305555555555556,0.8235294117647058,0.9305555555555556,0.8235294117647058,0.986111111111111,0.9411764705882352,0.0555555555555554,0.0555555555555554,Results/exp_7.0_8_1_100.csv
0,68,34,34,51,51,17,8,1,1.0,7.0,0.9305555555555556,0.8235294117647058,0.9305555555555556,0.8235294117647058,0.986111111111111,0.9411764705882352,0.0555555555555554,0.0555555555555554,Results/exp_7.0_8_1_150.csv
0,68,34,34,51,51,17,8,1,1.0,7.0,0.9305555555555556,0.8235294117647058,0.9305555555555556,0.8235294117647058,0.986111111111111,0.9411764705882352,0.0555555555555554,0.0555555555555554,Results/exp_7.0_8_1_200.csv
0,68,34,34,51,51,17,8,1,1.0,7.0,0.9305555555555556,0.8235294117647058,0.9305555555555556,0.8235294117647058,0.986111111111111,0.9411764705882352,0.0555555555555554,0.0555555555555554,Results/exp_7.0_8_1_250.csv
0,68,34,34,51,50,17,8,1,1.0,7.0,0.9305555555555556,0.8235294117647058,0.9305555555555556,0.8235294117647058,0.986111111111111,0.9411764705882352,0.0555555555555554,0.0555555555555554,Results/exp_7.0_8_1_50.csv
0,68,34,34,51,51,17,8,2,1.0,7.0,0.9305555555555556,0.8235294117647058,0.9305555555555556,0.8235294117647058,1.0,0.9411764705882352,0.0694444444444444,0.0694444444444444,Results/exp_7.0_8_2_100.csv
0,68,34,34,51,51,17,8,2,1.0,7.0,0.9305555555555556,0.8235294117647058,0.9305555555555556,0.8235294117647058,1.0,0.9411764705882352,0.0694444444444444,0.0694444444444444,Results/exp_7.0_8_2_150.csv
0,68,34,34,51,51,17,8,2,1.0,7.0,0.9305555555555556,0.8235294117647058,0.9305555555555556,0.8235294117647058,1.0,0.9411764705882352,0.0694444444444444,0.0694444444444444,Results/exp_7.0_8_2_200.csv
0,68,34,34,51,51,17,8,2,1.0,7.0,0.9305555555555556,0.8235294117647058,0.9305555555555556,0.8235294117647058,1.0,0.9411764705882352,0.0694444444444444,0.0694444444444444,Results/exp_7.0_8_2_250.csv
0,68,34,34,51,50,17,8,2,1.0,7.0,0.9305555555555556,0.8235294117647058,0.9305555555555556,0.8235294117647058,1.0,0.9411764705882352,0.0694444444444444,0.0694444444444444,Results/exp_7.0_8_2_50.csv
0,68,34,34,51,51,17,8,3,1.0,7.0,0.9305555555555556,0.8235294117647058,0.9305555555555556,0.8235294117647058,0.9166666666666666,0.9411764705882352,-0.0138888888888889,-0.0138888888888889,Results/exp_7.0_8_3_100.csv
0,68,34,34,51,51,17,8,3,1.0,7.0,0.9305555555555556,0.8235294117647058,0.9305555555555556,0.8235294117647058,0.9166666666666666,0.9411764705882352,-0.0138888888888889,-0.0138888888888889,Results/exp_7.0_8_3_150.csv
0,68,34,34,51,51,17,8,3,1.0,7.0,0.9305555555555556,0.8235294117647058,0.9305555555555556,0.8235294117647058,0.9166666666666666,0.9411764705882352,-0.0138888888888889,-0.0138888888888889,Results/exp_7.0_8_3_200.csv
0,68,34,34,51,51,17,8,3,1.0,7.0,0.9305555555555556,0.8235294117647058,0.9305555555555556,0.8235294117647058,0.9166666666666666,0.9411764705882352,-0.0138888888888889,-0.0138888888888889,Results/exp_7.0_8_3_250.csv
0,68,34,34,51,50,17,8,3,1.0,7.0,0.9305555555555556,0.8235294117647058,0.9305555555555556,0.8235294117647058,0.9166666666666666,0.9411764705882352,-0.0138888888888889,-0.0138888888888889,Results/exp_7.0_8_3_50.csv
